location,date,New_Cases,New_Deaths,Reproduction_Rate,ICU_Patients,Hosp_Patients,Positive_Rate,People_Vaccinated,People_Fully_Vaccinated,Total_Boosters,Population,Population_Density,Extreme_Poverty
Afghanistan,2020,52332.0,2189.0,307.68,0.0,0.0,0.0,0.0,0.0,0.0,12428653536.0,16979.664,0.0
Afghanistan,2021,105754.0,5167.0,365.51,0.0,0.0,0.0,19368570.0,9741539.0,0.0,14539931220.0,19864.03,0.0
Afghanistan,2022,19749.0,315.0,100.56,0.0,0.0,9.6498,78842477.0,67975210.0,0.0,3704694804.0,5061.246,0.0
Argentina,2020,1625514.0,43245.0,332.87,538765.0,0.0,82.704,104451.0,25.0,0.0,16691731218.0,5920.782,219.6
Argentina,2021,4028894.0,73924.0,376.57,1205691.0,0.0,51.379,6627305129.0,3967055689.0,158908017.0,16646125395.0,5904.605,219.0
Argentina,2022,3386716.0,10896.0,78.11,147818.0,0.0,25.416,3750840458.0,3328696160.0,1371994289.0,4241341539.0,1504.461,55.8
Armenia,2020,159409.0,2823.0,315.56,0.0,0.0,67.261,0.0,0.0,0.0,988386624.0,34276.023,599.4
Armenia,2021,185521.0,5151.0,358.77,0.0,0.0,33.709,10402948.0,5677284.0,628.0,1083366720.0,37569.815,657.0
Armenia,2022,77644.0,645.0,84.9,0.0,0.0,12.709,9252429.0,8398292.0,81650.0,276035904.0,9572.583,167.4
Australia,2020,28425.0,910.0,309.57,5330.0,39624.0,0.998,0.0,0.0,0.0,8793781997.0,1091.882,170.5
Australia,2021,95648.0,482.0,317.01,13817.0,80237.0,0.4653,1369815268.0,674041472.0,1369724.0,7220700760.0,896.56,140.0
Australia,2022,513243.0,1186.0,11.75,3973.0,58490.0,0.9413,350545495.0,327216975.0,161201353.0,464187906.0,57.635999999999996,9.0
Austria,2020,360815.0,6224.0,340.52,49422.0,294149.0,0.0,0.0,0.0,0.0,2812395392.0,33198.939,217.7
Austria,2021,784256.0,6550.0,325.17,92610.0,413032.0,2.1526,16781425.0,14286007.0,2928.0,2893783040.0,34159.68,224.0
Austria,2022,2242202.0,1986.0,94.6,17464.0,170064.0,3.786,13570796.0,13045805.0,9677853.0,741531904.0,8753.418,57.4
Bangladesh,2020,513510.0,7559.0,301.69,0.0,0.0,41.6688,0.0,0.0,0.0,49724744706.0,378245.764,4425.2
Bangladesh,2021,1072029.0,20513.0,360.13,0.0,0.0,37.4628,3735071990.0,2085769321.0,0.0,60700775310.0,461738.14,5402.0
Bangladesh,2022,366231.0,1050.0,84.67,0.0,0.0,10.6874,4628058604.0,3333275365.0,175367966.0,15466224942.0,117648.348,1376.4
Belarus,2020,194284.0,1424.0,313.76,0.0,0.0,13.0889,0.0,0.0,0.0,2908403036.0,14432.264,0.0
Belarus,2021,504826.0,4154.0,363.26,0.0,0.0,26.8546,56182448.0,41326293.0,114146.0,3446646455.0,17103.17,0.0
Belarus,2022,266212.0,1266.0,90.15,0.0,0.0,12.2823,48175785.0,43701547.0,1002944.0,878186631.0,4357.794,0.0
Belgium,2020,646496.0,19645.0,346.67,133497.0,637535.0,26.804,2579.0,53.0,0.0,3861934888.0,124687.248,66.4
Belgium,2021,554560.0,5914.0,304.25,115814.0,441393.0,16.984,1302379521.0,971574932.0,40730606.0,3338479858.0,107786.868,57.400000000000006
Belgium,2022,43601.0,79.0,33.94,9825.0,85769.0,9.438,320617623.0,315353999.0,234450571.0,418764024.0,13520.304,7.2
Bhutan,2020,670.0,0.0,132.67,0.0,0.0,0.7735,0.0,0.0,0.0,234749900.0,6377.588,451.5
Bhutan,2021,1990.0,3.0,269.66,0.0,0.0,0.6516,44255442.0,12786641.0,0.0,284663500.0,7733.62,547.5
Bhutan,2022,28777.0,9.0,115.83,0.0,0.0,1.0408,6126161.0,5730038.0,872710.0,72530700.0,1970.484,139.5
Brazil,2020,7700828.0,195072.0,355.62,0.0,0.0,0.0,0.0,0.0,0.0,66337966710.0,7762.4,1054.0
Brazil,2021,14485929.0,424262.0,358.28000000000003,0.0,0.0,0.0,28833477463.0,17472768786.0,1138935792.0,78107605965.0,9139.6,1241.0
Brazil,2022,7710946.0,41076.0,102.49,0.0,0.0,0.0,15158005813.0,13286412838.0,4865805519.0,19901390013.0,2328.72,316.2
Brunei,2020,157.0,3.0,9.93,0.0,0.0,0.0,0.0,0.0,0.0,131576536.0,24241.406,0.0
Brunei,2021,15331.0,95.0,296.01,0.0,0.0,0.0,31597308.0,21220524.0,0.0,161159180.0,29691.655,0.0
Brunei,2022,120504.0,115.0,124.87,0.0,0.0,0.0,3664892.0,3633142.0,373919.0,41062476.0,7565.271,0.0
Cambodia,2020,378.0,0.0,102.58,0.0,0.0,0.0,0.0,0.0,0.0,5761791640.0,30828.48,0.0
Cambodia,2021,120115.0,3012.0,365.24,0.0,0.0,14.3033,2269290270.0,1941442310.0,222708166.0,6185452790.0,33095.28,0.0
Cambodia,2022,15254.0,42.0,106.06,0.0,0.0,5.8744,1203227557.0,1146270939.0,564866409.0,1576019478.0,8432.496,0.0
Canada,2020,590249.0,16685.0,345.23,82261.0,409712.0,12.1501,642197.0,13.0,0.0,13095362072.0,1388.728,172.0
Canada,2021,229018.0,4930.0,40.77,35342.0,170415.0,2.1891,105974756.0,68663146.0,18638.0,1674988172.0,177.628,22.0
Canada,2022,91003.0,547.0,9.64,6726.0,61966.0,1.5248,98111111.0,93573727.0,54947597.0,532950782.0,56.518,7.0
Chile,2020,608973.0,16608.0,333.1,277223.0,0.0,32.5858,57204.0,0.0,0.0,6013469306.0,7600.266,406.90000000000003
Chile,2021,1197521.0,22720.0,363.81,592139.0,0.0,20.8867,3917613786.0,3357873374.0,756818419.0,7012512130.0,8862.93,474.5
Chile,2022,1680159.0,6188.0,103.59,66002.0,0.0,16.898600000000002,1555446946.0,1501072569.0,1192263095.0,1786749666.0,2258.226,120.9
China,2020,93172.0,4617.0,351.95,0.0,0.0,0.0004,0.0,0.0,0.0,498254555190.0,50947.53,241.49999999999997
China,2021,21498.0,5.0,373.01,0.0,0.0,0.0,6375309000.0,19267006000.0,370035000.0,527138877230.0,53901.01,255.49999999999997
China,2022,144194.0,2.0,119.49,0.0,0.0,0.0,15231060000.0,15996359000.0,3969877000.0,134312097486.0,13733.682,65.1
Colombia,2020,1642775.0,43213.0,338.87,0.0,0.0,48.216,0.0,0.0,0.0,15431018141.0,13311.123,1354.5
Colombia,2021,3514665.0,86729.0,360.46,0.0,0.0,57.508,2821885535.0,2726649528.0,27223883.0,18712031965.0,16141.395,1642.5
Colombia,2022,928486.0,9718.0,74.06,0.0,0.0,18.111,2261742718.0,1815959315.0,369600194.0,4767723213.0,4112.739,418.5
Cook Islands,2021,2.0,0.0,0.0,0.0,0.0,0.0,122623.0,86990.0,0.0,3953700.0,0.0,0.0
Cook Islands,2022,2294.0,0.0,0.0,0.0,0.0,0.0,128110.0,119428.0,0.0,1634196.0,0.0,0.0
Czechia,2020,718661.0,11594.0,342.5,80484.0,501659.0,23.546,34408.0,3.0,0.0,3281713218.0,41975.856,0.0
Czechia,2021,1760378.0,24565.0,375.8,216687.0,1179016.0,19.958,1447907460.0,1197140395.0,73905723.0,3914461845.0,50069.24,0.0
Czechia,2022,1356560.0,3594.0,91.97,28751.0,244652.0,18.147,644041187.0,632865408.0,347519453.0,997383429.0,12757.367999999999,0.0
Denmark,2020,163479.0,1304.0,334.75,9889.0,46498.0,6.4038,87082.0,3.0,0.0,1941642868.0,45597.68,66.8
Denmark,2021,130620.0,1059.0,138.85,7751.0,44344.0,1.3785,285024514.0,213467158.0,8684857.0,837115488.0,19658.88,28.8
Denmark,2022,19731.0,94.0,1.93,176.0,6317.0,0.7609,19360625.0,19198661.0,14439754.0,40693114.0,955.6400000000001,1.4000000000000001
Fiji,2020,49.0,2.0,0.0,0.0,0.0,0.0,0.0,0.0,0.0,304276963.0,16702.394,471.79999999999995
Fiji,2021,53283.0,698.0,277.1,0.0,0.0,0.0,15520179.0,9540742.0,0.0,329558135.0,18090.129999999997,510.99999999999994
Fiji,2022,11085.0,136.0,88.93,0.0,0.0,0.0,8693851.0,8030898.0,1769892.0,83969607.0,4609.266,130.2
Finland,2020,36422.0,592.0,320.14,4238.0,18789.0,7.048,0.0,0.0,0.0,1875346018.0,6129.968,0.0
Finland,2021,234407.0,1122.0,386.49,8762.0,49518.0,12.369,115197338.0,79163971.0,8903010.0,2025151765.0,6619.639999999999,0.0
Finland,2022,618797.0,1280.0,101.05,3914.0,66739.0,32.515,109738467.0,188669102.0,130575347.0,515997573.0,1686.648,0.0
France,2020,2735590.0,65031.0,370.69,643631.0,4569985.0,11.743,7901.0,0.0,0.0,23125746000.0,42044.254,0.0
France,2021,7706191.0,59161.0,390.07,981618.0,6008717.0,16.671,11165464406.0,8539859069.0,741008674.0,24609030000.0,44740.97,0.0
France,2022,16033164.0,18770.0,91.92,266186.0,2368187.0,22.857,4840796551.0,4651292093.0,2965365194.0,6270246000.0,11399.754,0.0
Germany,2020,1719737.0,33079.0,363.5,438388.0,0.0,1.778,522357.0,2462.0,3.0,28526160140.0,80585.44,0.0
Germany,2021,5430685.0,78854.0,373.65,1009216.0,0.0,4.6530000000000005,13295454023.0,10752803548.0,940842120.0,30623671915.0,86510.84,0.0
Germany,2022,14555963.0,18140.0,103.99,231678.0,0.0,5.344,5874736152.0,5762833592.0,4154348032.0,7802743803.0,22042.487999999998,0.0
Greece,2020,138850.0,4838.0,314.57,0.0,0.0,9.1784,5585.0,0.0,0.0,3246043811.0,26128.927,469.5
Greece,2021,1072003.0,15952.0,389.78000000000003,0.0,0.0,10.958,1453899780.0,1252378600.0,108204840.0,3785322655.0,30469.835,547.5
Greece,2022,1866858.0,6894.0,93.1,0.0,0.0,6.1599,723327883.0,689367222.0,463586877.0,964479471.0,7763.547,139.5
Guam,2020,0.0,0.0,0.0,0.0,0.0,24.121,0.0,0.0,0.0,50204280.0,89717.76,0.0
Guam,2021,0.0,0.0,0.0,0.0,0.0,36.495,0.0,0.0,0.0,62117160.0,111006.72,0.0
Guam,2022,0.0,0.0,0.0,0.0,0.0,23.173000000000002,0.0,0.0,0.0,15316560.0,27371.52,0.0
Hong Kong,2020,8846.0,148.0,0.0,0.0,0.0,0.0408,0.0,0.0,0.0,2598163200.0,2421661.616,0.0
Hong Kong,2021,3827.0,65.0,0.0,0.0,0.0,0.0023,876947615.0,744653828.0,10526681.0,2756772000.0,2569495.61,0.0
Hong Kong,2022,1158773.0,7959.0,0.0,0.0,0.0,0.2791,537252792.0,474819965.0,138072506.0,702410400.0,654693.402,0.0
Hungary,2020,322514.0,9537.0,327.0,0.0,550368.0,21.7955,0.0,0.0,0.0,2928785248.0,32845.072,152.0
Hungary,2021,933901.0,29649.0,393.44,0.0,1318147.0,37.1308,1096401707.0,903818896.0,131251606.0,3516469130.0,39435.695,182.5
Hungary,2022,597783.0,6324.0,93.7,0.0,291729.0,24.1837,394572801.0,379587004.0,231206448.0,895977066.0,10047.999,46.5
India,2020,10286709.0,148995.0,349.0,0.0,0.0,18.1249,0.0,0.0,0.0,469578844121.0,151791.203,7144.4
India,2021,24574870.0,325118.0,363.69,0.0,0.0,15.7091,122780611620.0,51337935159.0,0.0,508594297045.0,164402.935,7738.0
India,2022,8167465.0,39872.0,79.12,0.0,0.0,4.934,86004506586.0,67591419348.0,1240899212.0,129587040069.0,41888.967,1971.6
Indonesia,2020,743198.0,22138.0,335.8,0.0,0.0,0.0,0.0,0.0,0.0,84290345340.0,44446.125,1738.5
Indonesia,2021,3519522.0,121956.0,342.18,0.0,0.0,28.6515,18599367876.0,11295449086.0,0.0,100872052620.0,53189.625,2080.5
Indonesia,2022,1753028.0,11070.0,117.13,0.0,0.0,7.0728,16719836900.0,12280141426.0,553587693.0,25701646284.0,13552.425,530.1
Ireland,2020,91779.0,2253.0,333.11,10888.0,71181.0,11.1549,4171.0,89.0,0.0,1529751528.0,21451.318,61.400000000000006
Ireland,2021,642889.0,2975.0,366.6,27040.0,153971.0,24.3059,790817193.0,658979105.0,56616507.0,1748999304.0,24525.773999999998,70.2
Ireland,2022,473326.0,228.0,61.96,4032.0,47087.0,20.3091,237452371.0,231697630.0,162063615.0,323888760.0,4541.8099999999995,13.0
Italy,2020,2107314.0,74190.0,366.77,408620.0,4128664.0,20.4129,81781.0,0.0,0.0,20283470256.0,69168.624,672.0
Italy,2021,2499247.0,55760.0,249.49,428504.0,3852473.0,10.4475,4976290793.0,3299619032.0,0.0,15393705105.0,52494.045000000006,510.0
Italy,2022,277825.0,560.0,0.0,1926.0,41771.0,0.2983,202919273.0,191335074.0,155743975.0,241469884.0,823.436,8.0
Japan,2020,235747.0,3492.0,356.25,11729.0,156063.0,18.2075,0.0,0.0,0.0,43487524620.0,119983.41,0.0
Japan,2021,1496547.0,14897.0,351.56,58110.0,500430.0,18.8911,10491852475.0,8543778512.0,2260322.0,46008540540.0,126938.97,0.0
Japan,2022,4968341.0,9898.0,130.4,17236.0,245216.0,28.1212,4983531544.0,5404070447.0,1136972445.0,11722724028.0,32343.354000000003,0.0
Kazakhstan,2020,201196.0,2749.0,302.57,0.0,0.0,10.8669,0.0,0.0,0.0,5584517652.0,1964.214,29.400000000000002
Kazakhstan,2021,930697.0,15743.0,361.36,0.0,0.0,6.0284,1414524730.0,1157177352.0,0.0,6933159670.0,2438.565,36.5
Kazakhstan,2022,321386.0,801.0,70.39,0.0,0.0,0.0,714019601.0,692362902.0,42926309.0,1766531094.0,621.333,9.3
Kiribati,2021,2.0,0.0,0.0,0.0,0.0,0.0,333725.0,85970.0,0.0,27676464.0,32763.827999999998,0.0
Kiribati,2022,3069.0,13.0,52.68,0.0,0.0,0.0,367315.0,230397.0,0.0,11289084.0,13364.193,0.0
Kyrgyzstan,2020,81034.0,1798.0,291.91,0.0,0.0,0.0,0.0,0.0,0.0,1915592283.0,9344.237,404.59999999999997
Kyrgyzstan,2021,103655.0,1447.0,362.95,0.0,0.0,0.0,129181554.0,89272104.0,0.0,2419346655.0,11801.545,510.99999999999994
Kyrgyzstan,2022,16279.0,189.0,82.6,0.0,0.0,0.0,120274061.0,69038827.0,0.0,616436271.0,3006.969,130.2
Laos,2020,41.0,0.0,0.0,0.0,0.0,0.0,0.0,0.0,0.0,2088358314.0,8409.345,6424.099999999999
Laos,2021,111019.0,372.0,285.66,0.0,0.0,22.97,106483315.0,64482741.0,0.0,2693465670.0,10845.975,8285.5
Laos,2022,72500.0,308.0,95.27,0.0,0.0,21.4037,107586656.0,90242443.0,0.0,686280294.0,2763.495,2111.1
Luxembourg,2020,47763.0,497.0,325.91,4448.0,26443.0,9.562,2503.0,0.0,0.0,198061968.0,72211.464,62.400000000000006
Luxembourg,2021,49578.0,286.0,369.76,4551.0,17306.0,11.157,91095079.0,381349.0,6076751.0,214567132.0,78229.086,67.60000000000001
Luxembourg,2022,113213.0,122.0,100.33,863.0,4747.0,28.443,36189913.0,460292.0,25110284.0,59037702.0,21524.571,18.6
Malaysia,2020,113010.0,471.0,344.21,14736.0,270365.0,5.4001,0.0,0.0,0.0,11242234885.0,33015.122,34.300000000000004
Malaysia,2021,1633244.0,16193.0,260.96999999999997,178718.0,1450610.0,14.8233,1029424396.0,573816117.0,0.0,7964615385.0,23389.722,24.3
Malaysia,2022,79049.0,193.0,0.82,1319.0,17113.0,0.0,137581121.0,129055930.0,79107517.0,163880975.0,481.27000000000004,0.5
Maldives,2020,13757.0,48.0,263.61,0.0,0.0,15.5135,0.0,0.0,0.0,162542380.0,434875.467,0.0
Maldives,2021,81943.0,214.0,381.73,0.0,0.0,18.5872,85849183.0,55844705.0,508104.0,198421300.0,530868.045,0.0
Maldives,2022,81300.0,36.0,79.03,0.0,0.0,15.1647,20285579.0,18884215.0,4596982.0,50556660.0,135262.269,0.0
Mexico,2020,1426094.0,123018.0,337.29,0.0,0.0,124.56400000000001,62854.0,0.0,0.0,47675972520.0,24318.504,915.0
Mexico,2021,2553629.0,169349.0,371.63,0.0,0.0,94.773,10511128978.0,7035702985.0,0.0,47545710300.0,24252.06,912.5
Mexico,2022,1686492.0,23795.0,91.02,0.0,0.0,38.215,5975277443.0,5498611865.0,0.0,12114386460.0,6179.292,232.5
Moldova,2020,144818.0,2985.0,314.77,0.0,0.0,21.6026,0.0,0.0,0.0,1203183475.0,36972.845,59.800000000000004
Moldova,2021,231337.0,6705.0,362.85,0.0,0.0,49.1401,35898194.0,82555094.0,0.0,1468769125.0,45134.075,73.0
Moldova,2022,138044.0,1171.0,90.51,0.0,0.0,2.6912,3238691.0,75760046.0,82869.0,374234325.0,11499.915,18.6
Mongolia,2020,1195.0,1.0,140.23,0.0,0.0,0.1513,0.0,0.0,0.0,988796754.0,588.06,148.5
Mongolia,2021,691426.0,2058.0,395.84000000000003,0.0,0.0,76.3483,426279676.0,354579695.0,7969341.0,1215187930.0,722.7,182.5
Mongolia,2022,226246.0,118.0,87.95,0.0,0.0,17.0566,140727337.0,130238155.0,61753161.0,309623226.0,184.14,46.5
Myanmar,2020,124630.0,2682.0,268.85,0.0,0.0,11.7851,0.0,0.0,0.0,15345683920.0,22881.88,1792.0
Myanmar,2021,406204.0,16587.0,363.52,0.0,0.0,29.8161,171723696.0,102174864.0,0.0,20004195110.0,29828.165,2336.0
Myanmar,2022,81041.0,165.0,95.04,0.0,0.0,3.5513,449823536.0,381729688.0,0.0,5096959302.0,7600.053,595.2
Nauru,2021,0.0,0.0,0.0,0.0,0.0,0.0,60859.0,26319.0,0.0,2913964.0,182896.6,0.0
Nauru,2022,0.0,0.0,0.0,0.0,0.0,0.0,16914.0,15038.0,0.0,869840.0,54596.0,0.0
Nepal,2020,260594.0,1856.0,274.36,0.0,0.0,26.776,0.0,0.0,0.0,10148822640.0,69915.06,5130.0
Nepal,2021,567838.0,9738.0,361.63,0.0,0.0,47.853,656180628.0,435479637.0,0.0,10831345800.0,74616.95,5475.0
Nepal,2022,150044.0,357.0,78.42,0.0,0.0,11.451,897994131.0,700509480.0,60238449.0,2759767560.0,19011.99,1395.0
Netherlands,2020,806620.0,11482.0,349.88,109392.0,290190.0,15.524000000000001,0.0,0.0,0.0,5306486046.0,157140.096,0.0
Netherlands,2021,2346892.0,9540.0,371.84,157466.0,402535.0,44.949,415516975.0,319378550.0,7851621.0,6268179310.0,185618.56,0.0
Netherlands,2022,4850688.0,1121.0,96.94,20601.0,123024.0,49.212,174406155.0,160322299.0,108247749.0,1597097742.0,47294.592,0.0
New Zealand,2020,2164.0,25.0,244.2,0.0,0.0,0.0,0.0,0.0,0.0,1578900400.0,5607.447999999999,0.0
New Zealand,2021,11959.0,26.0,375.15,0.0,0.0,0.0,545253095.0,412713647.0,7219588.0,1871099500.0,6645.19,0.0
New Zealand,2022,689349.0,312.0,134.8,0.0,0.0,0.0,371780380.0,351232918.0,157066209.0,476745900.0,1693.158,0.0
Northern Mariana Islands,2020,0.0,0.0,0.0,0.0,0.0,5.08,0.0,0.0,0.0,15751520.0,32606.816,0.0
Northern Mariana Islands,2021,0.0,0.0,0.0,0.0,0.0,16.761,0.0,0.0,0.0,19573580.0,40518.764,0.0
Norway,2020,49567.0,436.0,335.3,0.0,20460.0,4.306,8362.0,0.0,0.0,1699810619.0,4497.682,62.2
Norway,2021,344692.0,871.0,384.95,0.0,44251.0,19.481,895592656.0,664597021.0,47614135.0,1994954585.0,5278.63,73.0
Norway,2022,1014449.0,870.0,87.42,0.0,26192.0,51.402,388815467.0,360010659.0,238256852.0,508303497.0,1344.966,18.6
Pakistan,2020,482178.0,10176.0,330.74,0.0,0.0,24.4404,0.0,0.0,0.0,70037177919.0,79483.20300000001,1244.0
Pakistan,2021,813755.0,18757.0,356.37,0.0,0.0,17.3339,6085357300.0,3142203332.0,0.0,82197974085.0,93284.145,1460.0
Pakistan,2022,229687.0,1428.0,88.16,0.0,0.0,4.3632,4145187680.0,3211131588.0,87591621.0,20943593397.0,23768.289,372.0
Palau,2021,10.0,0.0,0.0,0.0,0.0,0.0,0.0,0.0,0.0,2398968.0,6235.284000000001,0.0
Palau,2022,4032.0,6.0,75.37,0.0,0.0,0.0,0.0,0.0,0.0,1690182.0,4393.041,0.0
Papua New Guinea,2020,796.0,9.0,106.03,0.0,0.0,0.0,0.0,0.0,0.0,2617154435.0,5229.139999999999,0.0
Papua New Guinea,2021,35378.0,581.0,305.82,0.0,0.0,0.0,2381214.0,1175851.0,0.0,3328436825.0,6650.299999999999,0.0
Papua New Guinea,2022,7045.0,50.0,72.8,0.0,0.0,0.0,3586867.0,2853970.0,0.0,848067465.0,1694.4599999999998,0.0
Peru,2020,1015137.0,93070.0,339.05,0.0,0.0,46.011,0.0,0.0,0.0,10041183915.0,7563.829000000001,1053.5
Peru,2021,1281694.0,110329.0,388.64,0.0,0.0,27.773,3078791855.0,2353596095.0,91045861.0,12176186475.0,9172.085000000001,1277.5
Peru,2022,1251728.0,9638.0,80.72,0.0,0.0,11.806,2343761100.0,2080360428.0,772158118.0,3102425595.0,2336.9970000000003,325.5
Philippines,2020,474064.0,9246.0,328.99,0.0,0.0,18.4534,0.0,0.0,0.0,37422808670.0,118581.201,0.0
Philippines,2021,2369926.0,42260.0,366.62,0.0,0.0,43.1928,627259724.0,2022272851.0,14743910.0,40532122150.0,128433.64499999999,0.0
Philippines,2022,835993.0,7839.0,91.53,0.0,0.0,14.529,208370485.0,1813536201.0,221588526.0,10327362630.0,32724.189,0.0
Poland,2020,1294878.0,28554.0,341.71,0.0,1802938.0,29.2977,92200.0,0.0,0.0,11452491000.0,37580.181,0.0
Poland,2021,2813337.0,68500.0,372.8,0.0,4057134.0,41.0065,3881353228.0,3338540343.0,190740901.0,13795905000.0,45269.855,0.0
Poland,2022,1861406.0,18291.0,85.71,0.0,1196673.0,17.5743,1786533915.0,1751292980.0,825737490.0,3515121000.0,11534.511,0.0
Portugal,2020,413839.0,6906.0,340.88,51460.0,329161.0,16.2633,96377.0,0.0,0.0,3111384438.0,34385.526,153.0
Portugal,2021,812608.0,11336.0,311.18,68224.0,412068.0,13.6898,483242849.0,549256522.0,58344580.0,3050376900.0,33711.299999999996,150.0
Portugal,2022,1823378.0,2212.0,66.06,7880.0,103625.0,11.6158,0.0,470135436.0,246288943.0,762594225.0,8427.824999999999,37.5
Puerto Rico,2020,0.0,0.0,0.0,0.0,0.0,18.544,0.0,0.0,0.0,865443276.0,115126.99200000001,0.0
Puerto Rico,2021,0.0,0.0,0.0,0.0,0.0,34.687,0.0,0.0,0.0,1032309790.0,137324.68000000002,0.0
Puerto Rico,2022,0.0,0.0,0.0,0.0,0.0,7.555,0.0,0.0,0.0,248885648.0,33108.416000000005,0.0
Russia,2020,3127347.0,56271.0,344.44,0.0,0.0,8.7906,80500.0,0.0,0.0,49026439392.0,2964.5280000000002,33.6
Russia,2021,7193058.0,246400.0,364.18,0.0,0.0,16.844,9776263405.0,7747918500.0,268124270.0,53257888030.0,3220.395,36.5
Russia,2022,7315614.0,59633.0,91.21,0.0,0.0,14.018699999999999,4947862359.0,4451001496.0,711377597.0,13569818046.0,820.539,9.3
Samoa,2020,2.0,0.0,0.0,0.0,0.0,0.0,0.0,0.0,0.0,8806336.0,3054.172,0.0
Samoa,2021,1.0,0.0,0.0,0.0,0.0,0.0,2290228.0,1171306.0,0.0,73052560.0,25335.745,0.0
Samoa,2022,2328.0,1.0,0.0,0.0,0.0,0.0,891547.0,761938.0,0.0,18613392.0,6455.409,0.0
Singapore,2020,58599.0,29.0,315.02,0.0,0.0,0.0,254.0,0.0,0.0,1876038400.0,2723011.4639999997,0.0
Singapore,2021,220806.0,799.0,394.48,0.0,0.0,0.0,1038651917.0,882854852.0,109322017.0,1990564000.0,2889241.815,0.0
Singapore,2022,830339.0,448.0,115.41,0.0,0.0,5.5337,429366551.0,416694553.0,287305184.0,507184800.0,736162.983,0.0
Slovakia,2020,274603.0,2138.0,339.79,13875.0,141000.0,13.809,0.0,0.0,0.0,1640230270.0,34051.528,210.7
Slovakia,2021,959656.0,12754.0,335.03000000000003,87507.0,519836.0,13.524000000000001,34463682.0,31540280.0,239.0,1798259100.0,37332.24,230.99999999999997
Slovakia,2022,969687.0,2431.0,81.88,19091.0,156527.0,18.84,0.0,0.0,0.0,435941600.0,9050.24,56.0
Solomon Islands,2020,17.0,0.0,0.0,0.0,0.0,0.0,0.0,0.0,0.0,57023595.0,1769.121,2033.1000000000001
Solomon Islands,2021,7.0,0.0,0.0,0.0,0.0,0.0,1506946.0,428078.0,0.0,256958175.0,7971.965,9161.5
Solomon Islands,2022,11449.0,133.0,80.37,0.0,0.0,0.0,2046943.0,871440.0,0.0,65471535.0,2031.2130000000002,2334.3
South Africa,2020,1057161.0,28469.0,339.09,26554.0,177759.0,34.7349,0.0,0.0,0.0,19753816684.0,15382.065999999999,6218.099999999999
South Africa,2021,2382539.0,62676.0,358.4,64738.0,444475.0,48.2137,1449732688.0,1034157473.0,0.0,21915328540.0,17065.21,6898.499999999999
South Africa,2022,250774.0,7949.0,68.87,3476.0,42664.0,8.6347,1146873348.0,972028306.0,63197929.0,5163611656.0,4020.8439999999996,1625.3999999999999
South Korea,2020,61768.0,917.0,355.24,20371.0,0.0,3.5944,0.0,0.0,0.0,17700288480.0,182148.615,69.0
South Korea,2021,573484.0,4708.0,377.88,114651.0,0.0,4.272,6738955812.0,4849828495.0,354256767.0,18726392160.0,192707.955,73.0
South Korea,2022,13366153.0,11828.0,119.87,60782.0,0.0,19.2056,4162394527.0,4099065315.0,2647003894.0,4771382112.0,49100.931,18.6
Spain,2020,1938671.0,51578.0,373.01,265122.0,1469167.0,29.696,0.0,0.0,0.0,15659645685.0,31190.175000000003,335.0
Spain,2021,3495434.0,36412.0,352.14,586659.0,2284758.0,27.76,4023898073.0,3193223787.0,61553551.0,15098703153.0,30072.915,323.0
Spain,2022,1494939.0,5230.0,61.67,71301.0,479719.0,13.928,652751361.0,698897993.0,294971684.0,2944948293.0,5865.615000000001,63.0
Sri Lanka,2020,43299.0,204.0,296.31,0.0,0.0,7.2757,0.0,0.0,0.0,7309084040.0,116264.7,237.99999999999997
Sri Lanka,2021,543946.0,14775.0,369.71,0.0,0.0,32.8222,2223535090.0,1589999249.0,55953055.0,7846516690.0,124813.575,255.49999999999997
Sri Lanka,2022,74746.0,1502.0,84.77,0.0,0.0,7.8062,1230470634.0,1038999270.0,438781151.0,1999249458.0,31801.815,65.1
Sweden,2020,437379.0,8979.0,373.08,54167.0,321825.0,10.9959,0.0,0.0,0.0,3403653265.0,8280.53,167.5
Sweden,2021,877405.0,6587.0,411.04,56074.0,335231.0,25.9663,227991371.0,176250876.0,0.0,3708458035.0,9022.07,182.5
Sweden,2022,1173068.0,3055.0,88.62,6447.0,109209.0,29.1962,124440363.0,120604395.0,20619595.0,944894787.0,2298.774,46.5
Switzerland,2020,452296.0,7873.0,359.12,48897.0,268844.0,19.106,23345.0,44.0,0.0,2710518634.0,66629.573,0.0
Switzerland,2021,880319.0,4451.0,404.83,67756.0,311230.0,27.761,1258628479.0,1085391378.0,49497101.0,3181155310.0,78198.69499999999,0.0
Switzerland,2022,2174694.0,1400.0,98.08,17294.0,158582.0,37.054,539168010.0,528966577.0,301522855.0,810540942.0,19924.599,0.0
Taiwan,2020,801.0,7.0,209.98,0.0,0.0,1.7619,0.0,0.0,0.0,8373107808.0,0.0,0.0
Taiwan,2021,16230.0,843.0,379.2,0.0,0.0,1.3825,1970047121.0,839462022.0,1414990.0,8707077920.0,0.0,0.0
Taiwan,2022,7284.0,3.0,102.8,0.0,0.0,0.271,1267465863.0,1163882425.0,497292060.0,2218515744.0,0.0,0.0
Tajikistan,2020,13665.0,90.0,248.21,0.0,0.0,0.0,0.0,0.0,0.0,2388658125.0,15748.845000000001,1176.0
Tajikistan,2021,3828.0,35.0,102.9,0.0,0.0,0.0,63758633.0,35904094.0,0.0,3558613125.0,23462.565000000002,1752.0
Tajikistan,2022,293.0,0.0,21.05,0.0,0.0,0.0,32455025.0,30882376.0,742357.0,906715125.0,5978.133000000001,446.4
Thailand,2020,6898.0,61.0,293.49,0.0,0.0,1.6772,0.0,0.0,0.0,25392156372.0,49052.916000000005,36.300000000000004
Thailand,2021,2216551.0,21639.0,391.94,0.0,0.0,42.9253,5511468598.0,3709940465.0,317000745.0,25532058060.0,49323.18,36.5
Thailand,2022,1513052.0,3814.0,104.97,0.0,0.0,12.7174,4951411789.0,4555854020.0,1621074479.0,6505428492.0,12567.276,9.3
Timor,2020,44.0,0.0,0.0,0.0,0.0,0.0,0.0,0.0,0.0,383004375.0,24845.16,8635.5
Timor,2021,19793.0,122.0,296.23,0.0,0.0,12.6976,11443011.0,6234931.0,0.0,490514375.0,31819.24,11059.5
Timor,2022,3000.0,8.0,84.21,0.0,0.0,7.7063,7443003.0,6215325.0,18122.0,124980375.0,8107.368,2817.9
Tonga,2021,1.0,0.0,0.0,0.0,0.0,0.0,791795.0,476539.0,0.0,27330304.0,38407.168,0.0
Tonga,2022,7126.0,9.0,63.24,0.0,0.0,0.0,374624.0,331134.0,0.0,9928587.0,13952.604,0.0
Turkey,2020,1385427.0,20881.0,333.29,0.0,0.0,12.3659,0.0,0.0,0.0,25172649856.0,31054.544,59.2
Turkey,2021,7273898.0,61480.0,368.03000000000003,0.0,0.0,27.2105,11072952875.0,8488239019.0,1877857222.0,31040598640.0,38293.61,73.0
Turkey,2022,5412181.0,15796.0,86.19,0.0,0.0,13.2507,5176674340.0,4729754315.0,2968891791.0,7908974448.0,9757.002,18.6
Tuvalu,2021,0.0,0.0,0.0,0.0,0.0,0.0,34166.0,17362.0,0.0,2134575.0,66778.993,590.6999999999999
United Kingdom,2020,2491790.0,73569.0,363.28000000000003,249944.0,2501264.0,14.0061,0.0,0.0,0.0,22917590304.0,91693.728,67.2
United Kingdom,2021,5298304.0,63055.0,274.37,313674.0,2607998.0,7.0602,9037648379.0,5563208517.0,0.0,18552335008.0,74228.25600000001,54.400000000000006
United Kingdom,2022,729341.0,2137.0,20.85,6819.0,275851.0,1.0649,946655646.0,881080558.0,685969470.0,1500556508.0,6003.756,4.4
United States,2020,20191905.0,351755.0,378.25,2441879.0,9388732.0,28.727,40066051.0,325770.0,0.0,114855700530.0,12284.759999999998,414.0
United States,2021,16297645.0,268064.0,222.95,2609163.0,10476458.0,12.881,26896338513.0,20790214616.0,0.0,74572976576.0,7976.191999999999,268.8
United States,2022,192746.0,4617.0,2.62,11631.0,64509.0,0.022,1533229529.0,1306004219.0,586068491.0,2330405518.0,249.25599999999997,8.4
United States Virgin Islands,2020,0.0,0.0,0.0,0.0,0.0,12.397,0.0,0.0,0.0,29493694.0,86733.84000000001,0.0
United States Virgin Islands,2021,0.0,0.0,0.0,0.0,0.0,28.313,0.0,0.0,0.0,38039570.0,111865.20000000001,0.0
United States Virgin Islands,2022,0.0,0.0,0.0,0.0,0.0,14.013,0.0,0.0,0.0,9379620.0,27583.2,0.0
Vanuatu,2020,1.0,0.0,0.0,0.0,0.0,0.0,0.0,0.0,0.0,16352128.0,1178.424,686.4
Vanuatu,2021,6.0,1.0,0.0,0.0,0.0,0.0,1061190.0,413176.0,0.0,114779360.0,8271.63,4818.0
Vanuatu,2022,4230.0,1.0,44.62,0.0,0.0,0.0132,444602.0,306509.0,0.0,29245152.0,2107.566,1227.6
Venezuela,2020,113558.0,1034.0,307.93,0.0,0.0,0.0,0.0,0.0,0.0,8410549471.0,10622.129,0.0
Venezuela,2021,331077.0,4300.0,374.27,0.0,0.0,0.0,98720007.0,57693835.0,0.0,10477305655.0,13232.345,0.0
Venezuela,2022,76208.0,358.0,85.88,0.0,0.0,0.0,153360536.0,99244658.0,1264466.0,2669560071.0,3371.529,0.0
Vietnam,2020,1465.0,36.0,220.2,0.0,0.0,0.0,0.0,0.0,0.0,33770077176.0,105995.68800000001,688.0
Vietnam,2021,1729792.0,32359.0,422.57,0.0,0.0,4.2461,5730472835.0,715796809.0,0.0,35831622585.0,112466.35500000001,730.0
Vietnam,2022,8087071.0,10390.0,106.77,0.0,0.0,25.1522,3163471590.0,1996864964.0,1078754003.0,9129701097.0,28655.811,186.0
